src,des,size,timestamp
172.16.1.15,110.76.15.34,116,1590028016.999484
110.76.15.34,172.16.1.15,152,1590028016.999755
172.16.1.15,110.76.15.34,96,1590028016.999845
172.16.1.15,110.76.15.34,496,1590028016.999934
110.76.15.34,172.16.1.15,148,1590028017.680000
172.16.1.15,203.119.213.140,108,1590028017.149000
110.76.15.34,172.16.1.15,1176,1590028017.229000
172.16.1.15,110.76.15.34,96,1590028017.345000
203.119.213.140,172.16.1.15,152,1590028017.445000
172.16.1.15,203.119.213.140,88,1590028017.616000
172.16.1.15,203.119.213.140,468,1590028017.720000
203.119.213.140,172.16.1.15,148,1590028017.797000
203.119.213.140,172.16.1.15,636,1590028017.124470
172.16.1.15,203.119.213.140,88,1590028017.124637
172.16.1.15,120.226.161.115,128,1590028017.125001
120.226.161.115,172.16.1.15,148,1590028017.125216
172.16.1.15,120.226.161.115,96,1590028017.125387
120.226.161.115,172.16.1.15,132,1590028017.125552
172.16.1.15,203.119.213.140,112,1590028017.126064
203.119.213.140,172.16.1.15,148,1590028017.126687
172.16.1.15,203.119.213.140,464,1590028017.127144
203.119.213.140,172.16.1.15,148,1590028017.127250
120.226.161.115,172.16.1.15,132,1590028017.127505
172.16.1.15,120.226.161.115,72,1590028017.128265
172.16.1.15,183.232.149.27,116,1590028017.128362
203.119.213.140,172.16.1.15,348,1590028017.128452
172.16.1.15,203.119.213.140,88,1590028017.128532
172.16.1.15,183.216.168.218,116,1590028017.128613
183.216.168.218,172.16.1.15,152,1590028017.128888
172.16.1.15,183.216.168.218,96,1590028017.129423
183.232.149.27,172.16.1.15,152,1590028017.131601
172.16.1.15,183.232.149.27,96,1590028017.131692
172.16.1.15,183.232.149.27,320,1590028017.180313
183.232.149.27,172.16.1.15,148,1590028017.180433
172.16.1.15,183.216.168.218,616,1590028017.181155
183.216.168.218,172.16.1.15,148,1590028017.182726
183.232.149.27,172.16.1.15,608,1590028017.182801
172.16.1.15,183.232.149.27,96,1590028017.183488
183.216.168.218,172.16.1.15,304,1590028017.183784
172.16.1.15,183.216.168.218,96,1590028017.184296
172.16.1.15,203.119.169.254,128,1590028017.184643
172.16.1.15,203.119.169.254,96,1590028017.185454
203.119.169.254,172.16.1.15,132,1590028017.185521
203.119.169.254,172.16.1.15,132,1590028017.185591
172.16.1.15,183.216.168.218,148,1590028017.185648
183.216.168.218,172.16.1.15,148,1590028017.185730
172.16.1.15,183.216.168.218,384,1590028017.185815
172.16.1.15,183.232.149.27,412,1590028017.224885
183.216.168.218,172.16.1.15,148,1590028017.225242
183.232.149.27,172.16.1.15,148,1590028017.225327
183.216.168.218,172.16.1.15,1312,1590028017.226203
183.216.168.218,172.16.1.15,148,1590028017.226450
172.16.1.15,183.216.168.218,96,1590028017.226522
172.16.1.15,183.216.168.218,128,1590028017.226614
172.16.1.15,183.216.168.218,96,1590028017.226675
183.216.168.218,172.16.1.15,132,1590028017.226731
172.16.1.15,183.216.168.218,72,1590028017.226802
203.119.169.254,172.16.1.15,132,1590028017.226870
172.16.1.15,203.119.169.254,72,1590028017.226929
183.232.149.27,172.16.1.15,1568,1590028017.321829
183.232.149.27,172.16.1.15,168,1590028017.325994
172.16.1.15,183.232.149.27,96,1590028017.329452
183.232.149.27,172.16.1.15,380,1590028017.333292
172.16.1.15,183.232.149.27,96,1590028017.339914
172.16.1.15,117.169.15.124,116,1590028017.352682
117.169.15.124,172.16.1.15,152,1590028017.361630
172.16.1.15,117.169.15.124,96,1590028017.367439
172.16.1.15,117.169.15.124,616,1590028017.370975
117.169.15.124,172.16.1.15,148,1590028017.373308
117.169.15.124,172.16.1.15,304,1590028017.375960
172.16.1.15,117.169.15.124,96,1590028017.379308
172.16.1.15,117.169.15.124,148,1590028017.383085
117.169.15.124,172.16.1.15,148,1590028017.386234
172.16.1.15,117.169.15.124,360,1590028017.396679
117.169.15.124,172.16.1.15,148,1590028017.402622
117.169.15.124,172.16.1.15,1568,1590028017.409275
117.169.15.124,172.16.1.15,180,1590028017.422651
172.16.1.15,117.169.15.124,96,1590028017.426861
117.169.15.124,172.16.1.15,1568,1590028017.429695
117.169.15.124,172.16.1.15,1568,1590028017.446180
172.16.1.15,117.169.15.124,96,1590028017.446304
117.169.15.124,172.16.1.15,1568,1590028017.446395
117.169.15.124,172.16.1.15,1568,1590028017.446449
172.16.1.15,117.169.15.124,96,1590028017.446665
117.169.15.124,172.16.1.15,1568,1590028017.446739
117.169.15.124,172.16.1.15,760,1590028017.446805
172.16.1.15,117.169.15.124,96,1590028017.446872
172.16.1.15,223.82.136.249,116,1590028017.446938
223.82.136.249,172.16.1.15,152,1590028017.446990
172.16.1.15,223.82.136.249,96,1590028017.447063
172.16.1.15,223.82.136.249,264,1590028017.447722
223.82.136.249,172.16.1.15,148,1590028017.447865
223.82.136.249,172.16.1.15,1568,1590028017.447996
172.16.1.15,223.82.136.249,96,1590028017.448073
223.82.136.249,172.16.1.15,180,1590028017.448188
172.16.1.15,223.82.136.249,96,1590028017.448296
223.82.136.249,172.16.1.15,1568,1590028017.448547
172.16.1.15,223.82.136.249,96,1590028017.459585
223.82.136.249,172.16.1.15,180,1590028017.472448
172.16.1.15,223.82.136.249,96,1590028017.472642
223.82.136.249,172.16.1.15,1568,1590028017.472959
172.16.1.15,223.82.136.249,96,1590028017.473093
223.82.136.249,172.16.1.15,376,1590028017.473516
172.16.1.15,223.82.136.249,96,1590028017.474161
172.16.1.15,223.82.136.249,224,1590028017.474250
223.82.136.249,172.16.1.15,148,1590028017.474329
172.16.1.15,47.102.83.88,768,1590028017.474552
47.102.83.88,172.16.1.15,148,1590028017.474670
223.82.136.249,172.16.1.15,200,1590028017.560422
172.16.1.15,223.82.136.249,96,1590028017.565905
47.102.83.88,172.16.1.15,388,1590028017.569580
172.16.1.15,47.102.83.88,88,1590028017.572551
47.102.83.88,172.16.1.15,1148,1590028017.575974
172.16.1.15,47.102.83.88,88,1590028017.579465
172.16.1.15,223.82.136.249,372,1590028017.582771
223.82.136.249,172.16.1.15,148,1590028017.586038
223.82.136.249,172.16.1.15,1568,1590028017.747779
172.16.1.15,223.82.136.249,96,1590028017.752574
223.82.136.249,172.16.1.15,180,1590028017.759484
172.16.1.15,223.82.136.249,96,1590028017.766244
223.82.136.249,172.16.1.15,220,1590028017.769718
172.16.1.15,223.82.136.249,96,1590028017.772627
172.16.1.15,111.48.30.62,116,1590028017.776069
111.48.30.62,172.16.1.15,152,1590028017.779240
172.16.1.15,111.48.30.62,96,1590028017.785955
172.16.1.15,111.48.30.62,276,1590028017.789537
111.48.30.62,172.16.1.15,148,1590028017.805335
172.16.1.15,117.169.84.253,224,1590028017.805886
117.169.84.253,172.16.1.15,148,1590028017.809234
111.48.30.62,172.16.1.15,1568,1590028017.812648
172.16.1.15,111.48.30.62,96,1590028017.823341
111.48.30.62,172.16.1.15,180,1590028017.826008
172.16.1.15,111.48.30.62,96,1590028017.829775
111.48.30.62,172.16.1.15,1568,1590028017.835917
172.16.1.15,111.48.30.62,96,1590028017.839268
111.48.30.62,172.16.1.15,180,1590028017.842959
172.16.1.15,111.48.30.62,96,1590028017.849364
111.48.30.62,172.16.1.15,624,1590028017.853174
172.16.1.15,111.48.30.62,96,1590028017.867848
117.169.84.253,172.16.1.15,1568,1590028017.873141
172.16.1.15,117.169.84.253,88,1590028017.876026
117.169.84.253,172.16.1.15,1352,1590028017.879449
172.16.1.15,117.169.84.253,88,1590028017.884687
117.169.84.253,172.16.1.15,1568,1590028017.886043
172.16.1.15,117.169.84.253,88,1590028017.895971
117.169.84.253,172.16.1.15,1376,1590028017.929573
172.16.1.15,117.169.84.253,88,1590028017.936403
172.16.1.15,112.48.151.253,192,1590028017.945868
112.48.151.253,172.16.1.15,148,1590028017.949287
172.16.1.15,112.48.151.253,192,1590028017.955893
112.48.151.253,172.16.1.15,148,1590028017.962592
172.16.1.15,111.48.30.62,224,1590028017.965918
111.48.30.62,172.16.1.15,148,1590028017.969535
112.48.151.253,172.16.1.15,980,1590028017.973828
172.16.1.15,112.48.151.253,88,1590028017.982560
112.48.151.253,172.16.1.15,172,1590028017.985929
172.16.1.15,112.48.151.253,88,1590028017.989265
112.48.151.253,172.16.1.15,940,1590028017.992650
172.16.1.15,112.48.151.253,88,1590028017.996032
111.48.30.62,172.16.1.15,408,1590028017.999556
172.16.1.15,111.48.30.62,96,1590028018.261200
172.16.1.15,111.48.30.62,400,1590028018.604800
111.48.30.62,172.16.1.15,148,1590028018.129820
111.48.30.62,172.16.1.15,1568,1590028018.162490
111.48.30.62,172.16.1.15,180,1590028018.230520
172.16.1.15,111.48.30.62,96,1590028018.259770
111.48.30.62,172.16.1.15,1568,1590028018.295940
111.48.30.62,172.16.1.15,1568,1590028018.325620
172.16.1.15,112.48.151.253,272,1590028018.359390
111.48.30.62,172.16.1.15,1568,1590028018.426920
111.48.30.62,172.16.1.15,1568,1590028018.504020
111.48.30.62,172.16.1.15,1568,1590028018.530460
111.48.30.62,172.16.1.15,1568,1590028018.594390
111.48.30.62,172.16.1.15,800,1590028018.626030
172.16.1.15,111.48.30.62,96,1590028018.659300
112.48.151.253,172.16.1.15,148,1590028018.692920
172.16.1.15,117.169.15.124,128,1590028018.736000
172.16.1.15,117.169.15.124,96,1590028018.759950
117.169.15.124,172.16.1.15,132,1590028018.804810
117.169.15.124,172.16.1.15,132,1590028018.861310
117.169.15.124,172.16.1.15,132,1590028018.928790
172.16.1.15,117.169.15.124,72,1590028018.959190
112.48.151.253,172.16.1.15,1568,1590028018.995950
112.48.151.253,172.16.1.15,1528,1590028018.102603
172.16.1.15,112.48.151.253,88,1590028018.106395
172.16.1.15,112.48.151.253,192,1590028018.109383
112.48.151.253,172.16.1.15,148,1590028018.113288
172.16.1.15,112.48.151.253,192,1590028018.115908
112.48.151.253,172.16.1.15,148,1590028018.119230
112.48.151.253,172.16.1.15,1004,1590028018.126285
112.48.151.253,172.16.1.15,1568,1590028018.136295
172.16.1.15,112.48.151.253,88,1590028018.139255
112.48.151.253,172.16.1.15,1080,1590028018.151946
112.48.151.253,172.16.1.15,172,1590028018.154147
172.16.1.15,112.48.151.253,88,1590028018.155956
172.16.1.15,120.206.177.252,224,1590028018.157022
120.206.177.252,172.16.1.15,148,1590028018.157584
172.16.1.15,112.48.151.253,192,1590028018.158006
112.48.151.253,172.16.1.15,148,1590028018.158073
120.206.177.252,172.16.1.15,1568,1590028018.158135
172.16.1.15,120.206.177.252,88,1590028018.158223
120.206.177.252,172.16.1.15,1568,1590028018.158361
172.16.1.15,120.206.177.252,88,1590028018.158430
120.206.177.252,172.16.1.15,1416,1590028018.158491
172.16.1.15,120.206.177.252,88,1590028018.158548
120.206.177.252,172.16.1.15,1568,1590028018.158617
172.16.1.15,120.206.177.252,88,1590028018.158927
120.206.177.252,172.16.1.15,1568,1590028018.159146
172.16.1.15,120.206.177.252,88,1590028018.159352
120.206.177.252,172.16.1.15,1568,1590028018.160628
172.16.1.15,120.206.177.252,88,1590028018.160732
120.206.177.252,172.16.1.15,1568,1590028018.161154
172.16.1.15,120.206.177.252,88,1590028018.161356
120.206.177.252,172.16.1.15,1568,1590028018.161487
172.16.1.15,120.206.177.252,88,1590028018.161916
120.206.177.252,172.16.1.15,1568,1590028018.162453
172.16.1.15,120.206.177.252,88,1590028018.162598
120.206.177.252,172.16.1.15,1568,1590028018.163440
172.16.1.15,120.206.177.252,88,1590028018.163523
120.206.177.252,172.16.1.15,1568,1590028018.163846
172.16.1.15,120.206.177.252,88,1590028018.164009
120.206.177.252,172.16.1.15,1568,1590028018.164174
172.16.1.15,120.206.177.252,88,1590028018.164354
120.206.177.252,172.16.1.15,1568,1590028018.164465
172.16.1.15,120.206.177.252,88,1590028018.164582
120.206.177.252,172.16.1.15,1568,1590028018.164692
172.16.1.15,120.206.177.252,88,1590028018.164794
120.206.177.252,172.16.1.15,1568,1590028018.164892
172.16.1.15,120.206.177.252,88,1590028018.175956
120.206.177.252,172.16.1.15,916,1590028018.218397
172.16.1.15,120.206.177.252,88,1590028018.227177
172.16.1.15,111.48.30.62,116,1590028018.229936
112.48.151.253,172.16.1.15,964,1590028018.232851
112.48.151.253,172.16.1.15,172,1590028018.236315
172.16.1.15,112.48.151.253,88,1590028018.241020
172.16.1.15,39.156.82.242,116,1590028018.243350
172.16.1.15,183.216.168.218,116,1590028018.246048
111.48.30.62,172.16.1.15,152,1590028018.258180
172.16.1.15,111.48.30.62,96,1590028018.259224
172.16.1.15,111.48.30.62,616,1590028018.268385
111.48.30.62,172.16.1.15,148,1590028018.275944
183.216.168.218,172.16.1.15,152,1590028018.279431
172.16.1.15,183.216.168.218,96,1590028018.283788
172.16.1.15,183.216.168.218,616,1590028018.286359
183.216.168.218,172.16.1.15,148,1590028018.289445
111.48.30.62,172.16.1.15,304,1590028018.292846
172.16.1.15,111.48.30.62,96,1590028018.296658
172.16.1.15,111.48.30.62,148,1590028018.299607
111.48.30.62,172.16.1.15,148,1590028018.299854
172.16.1.15,111.48.30.62,376,1590028018.299911
111.48.30.62,172.16.1.15,148,1590028018.299967
183.216.168.218,172.16.1.15,304,1590028018.300021
172.16.1.15,183.216.168.218,96,1590028018.300075
172.16.1.15,183.216.168.218,148,1590028018.300138
183.216.168.218,172.16.1.15,148,1590028018.300210
172.16.1.15,183.216.168.218,384,1590028018.300266
183.216.168.218,172.16.1.15,148,1590028018.300321
39.156.82.242,172.16.1.15,152,1590028018.300388
172.16.1.15,39.156.82.242,96,1590028018.300444
172.16.1.15,39.156.82.242,292,1590028018.300497
39.156.82.242,172.16.1.15,148,1590028018.300553
183.216.168.218,172.16.1.15,1308,1590028018.300607
183.216.168.218,172.16.1.15,148,1590028018.300663
111.48.30.62,172.16.1.15,1568,1590028018.300967
111.48.30.62,172.16.1.15,1568,1590028018.301044
111.48.30.62,172.16.1.15,1568,1590028018.301461
172.16.1.15,111.48.30.62,96,1590028018.301526
172.16.1.15,183.216.168.218,128,1590028018.301582
172.16.1.15,183.216.168.218,96,1590028018.301641
111.48.30.62,172.16.1.15,1568,1590028018.313485
111.48.30.62,172.16.1.15,1568,1590028018.313627
111.48.30.62,172.16.1.15,1568,1590028018.313755
111.48.30.62,172.16.1.15,1568,1590028018.314431
183.216.168.218,172.16.1.15,132,1590028018.314510
172.16.1.15,183.216.168.218,72,1590028018.314575
172.16.1.15,111.48.30.62,96,1590028018.314636
111.48.30.62,172.16.1.15,1184,1590028018.314712
172.16.1.15,203.119.169.17,128,1590028018.314777
172.16.1.15,203.119.169.17,96,1590028018.314836
203.119.169.17,172.16.1.15,132,1590028018.314896
203.119.169.17,172.16.1.15,132,1590028018.324071
39.156.82.242,172.16.1.15,1568,1590028018.332891
172.16.1.15,39.156.82.242,96,1590028018.333020
39.156.82.242,172.16.1.15,1568,1590028018.364012
172.16.1.15,39.156.82.242,96,1590028018.364146
39.156.82.242,172.16.1.15,568,1590028018.364352
172.16.1.15,39.156.82.242,96,1590028018.364431
172.16.1.15,111.48.30.62,96,1590028018.364524
127.0.0.1,127.0.0.1,108,1590028018.364611
127.0.0.1,127.0.0.1,144,1590028018.364806
127.0.0.1,127.0.0.1,72,1590028018.364849
127.0.0.1,127.0.0.1,124,1590028018.364936
203.119.169.17,172.16.1.15,132,1590028018.365004
172.16.1.15,203.119.169.17,72,1590028018.365042
172.16.1.15,39.156.82.242,224,1590028018.365099
172.16.1.15,112.48.151.253,192,1590028018.365181
39.156.82.242,172.16.1.15,148,1590028018.365250
172.16.1.15,39.156.82.242,744,1590028018.406478
112.48.151.253,172.16.1.15,148,1590028018.420976
39.156.82.242,172.16.1.15,148,1590028018.422613
172.16.1.15,117.169.15.124,360,1590028018.425887
117.169.15.124,172.16.1.15,148,1590028018.432584
172.16.1.15,112.48.151.253,192,1590028018.439222
112.48.151.253,172.16.1.15,148,1590028018.442738
112.48.151.253,172.16.1.15,1568,1590028018.445909
112.48.151.253,172.16.1.15,232,1590028018.463306
172.16.1.15,112.48.151.253,88,1590028018.470500
112.48.151.253,172.16.1.15,172,1590028018.476535
39.156.82.242,172.16.1.15,424,1590028018.479361
172.16.1.15,39.156.82.242,96,1590028018.483251
117.169.15.124,172.16.1.15,1568,1590028018.492713
117.169.15.124,172.16.1.15,1568,1590028018.499359
117.169.15.124,172.16.1.15,208,1590028018.518685
172.16.1.15,117.169.15.124,96,1590028018.537806
117.169.15.124,172.16.1.15,1568,1590028018.539762
117.169.15.124,172.16.1.15,1568,1590028018.549404
117.169.15.124,172.16.1.15,1568,1590028018.559530
117.169.15.124,172.16.1.15,1568,1590028018.569432
117.169.15.124,172.16.1.15,1568,1590028018.576885
117.169.15.124,172.16.1.15,1568,1590028018.583791
117.169.15.124,172.16.1.15,1568,1590028018.589227
117.169.15.124,172.16.1.15,1568,1590028018.602555
39.156.82.242,172.16.1.15,720,1590028018.602864
172.16.1.15,39.156.82.242,96,1590028018.606187
112.48.151.253,172.16.1.15,1020,1590028018.609486
172.16.1.15,112.48.151.253,88,1590028018.612721
172.16.1.15,117.169.15.124,96,1590028018.616460
117.169.15.124,172.16.1.15,1568,1590028018.622728
117.169.15.124,172.16.1.15,1568,1590028018.625883
172.16.1.15,117.169.15.124,96,1590028018.629843
117.169.15.124,172.16.1.15,1568,1590028018.639232
117.169.15.124,172.16.1.15,1568,1590028018.651003
172.16.1.15,117.169.15.124,96,1590028018.674217
117.169.15.124,172.16.1.15,1568,1590028018.676751
117.169.15.124,172.16.1.15,1568,1590028018.685897
172.16.1.15,117.169.15.124,96,1590028018.690354
117.169.15.124,172.16.1.15,1568,1590028018.695947
117.169.15.124,172.16.1.15,1568,1590028018.701327
172.16.1.15,117.169.15.124,96,1590028018.712582
117.169.15.124,172.16.1.15,1568,1590028018.715962
117.169.15.124,172.16.1.15,1568,1590028018.719330
172.16.1.15,117.169.15.124,96,1590028018.722645
117.169.15.124,172.16.1.15,1568,1590028018.732678
117.169.15.124,172.16.1.15,1568,1590028018.735920
172.16.1.15,117.169.15.124,96,1590028018.743519
117.169.15.124,172.16.1.15,1568,1590028018.746437
117.169.15.124,172.16.1.15,1568,1590028018.755994
172.16.1.15,117.169.15.124,96,1590028018.762679
117.169.15.124,172.16.1.15,1568,1590028018.765968
117.169.15.124,172.16.1.15,1568,1590028018.773555
172.16.1.15,117.169.15.124,96,1590028018.776339
117.169.15.124,172.16.1.15,1568,1590028018.779360
117.169.15.124,172.16.1.15,1568,1590028018.782590
172.16.1.15,117.169.15.124,96,1590028018.789604
117.169.15.124,172.16.1.15,1568,1590028018.792591
117.169.15.124,172.16.1.15,1568,1590028018.796091
172.16.1.15,117.169.15.124,96,1590028018.801017
117.169.15.124,172.16.1.15,1568,1590028018.806720
117.169.15.124,172.16.1.15,1568,1590028018.809641
172.16.1.15,117.169.15.124,96,1590028018.816142
117.169.15.124,172.16.1.15,1568,1590028018.819337
117.169.15.124,172.16.1.15,1568,1590028018.829268
172.16.1.15,117.169.15.124,96,1590028018.835921
117.169.15.124,172.16.1.15,1568,1590028018.842585
117.169.15.124,172.16.1.15,1568,1590028018.855157
172.16.1.15,117.169.15.124,96,1590028018.856335
117.169.15.124,172.16.1.15,1568,1590028018.859258
117.169.15.124,172.16.1.15,1568,1590028018.862885
172.16.1.15,117.169.15.124,96,1590028018.871515
117.169.15.124,172.16.1.15,1568,1590028018.875685
117.169.15.124,172.16.1.15,1568,1590028018.879438
172.16.1.15,117.169.15.124,96,1590028018.882837
117.169.15.124,172.16.1.15,1568,1590028018.892720
117.169.15.124,172.16.1.15,1568,1590028018.897673
172.16.1.15,117.169.15.124,96,1590028018.916235
117.169.15.124,172.16.1.15,1568,1590028018.921266
117.169.15.124,172.16.1.15,1568,1590028018.929275
172.16.1.15,117.169.15.124,96,1590028018.935974
117.169.15.124,172.16.1.15,1568,1590028018.942908
117.169.15.124,172.16.1.15,1568,1590028018.959392
172.16.1.15,117.169.15.124,96,1590028018.966055
117.169.15.124,172.16.1.15,1568,1590028018.969411
117.169.15.124,172.16.1.15,1568,1590028018.972553
172.16.1.15,117.169.15.124,96,1590028018.983438
117.169.15.124,172.16.1.15,1568,1590028018.990001
117.169.15.124,172.16.1.15,1568,1590028018.996129
172.16.1.15,117.169.15.124,96,1590028019.876400
117.169.15.124,172.16.1.15,1568,1590028019.109730
117.169.15.124,172.16.1.15,1568,1590028019.126420
172.16.1.15,117.169.15.124,96,1590028019.159370
117.169.15.124,172.16.1.15,1568,1590028019.193740
117.169.15.124,172.16.1.15,1568,1590028019.259320
172.16.1.15,117.169.15.124,96,1590028019.295590
117.169.15.124,172.16.1.15,1568,1590028019.329850
117.169.15.124,172.16.1.15,1568,1590028019.394510
172.16.1.15,117.169.15.124,96,1590028019.433310
117.169.15.124,172.16.1.15,1568,1590028019.459230
117.169.15.124,172.16.1.15,1568,1590028019.535810
172.16.1.15,117.169.15.124,96,1590028019.592600
117.169.15.124,172.16.1.15,1568,1590028019.625960
117.169.15.124,172.16.1.15,1568,1590028019.662810
172.16.1.15,117.169.15.124,96,1590028019.725510
117.169.15.124,172.16.1.15,1568,1590028019.759080
117.169.15.124,172.16.1.15,1568,1590028019.792420
172.16.1.15,117.169.15.124,96,1590028019.826260
117.169.15.124,172.16.1.15,1568,1590028019.860260
117.169.15.124,172.16.1.15,1568,1590028019.925400
172.16.1.15,117.169.15.124,96,1590028019.959520
117.169.15.124,172.16.1.15,1568,1590028019.993550
117.169.15.124,172.16.1.15,1568,1590028019.994030
172.16.1.15,117.169.15.124,96,1590028019.994170
117.169.15.124,172.16.1.15,1568,1590028019.994300
117.169.15.124,172.16.1.15,1568,1590028019.994420
172.16.1.15,117.169.15.124,96,1590028019.994600
117.169.15.124,172.16.1.15,1568,1590028019.996100
117.169.15.124,172.16.1.15,1568,1590028019.996230
172.16.1.15,117.169.15.124,96,1590028019.996410
117.169.15.124,172.16.1.15,1568,1590028019.996550
117.169.15.124,172.16.1.15,1568,1590028019.996660
172.16.1.15,117.169.15.124,96,1590028019.996780
117.169.15.124,172.16.1.15,1568,1590028019.996910
117.169.15.124,172.16.1.15,1568,1590028019.997090
172.16.1.15,117.169.15.124,96,1590028019.997210
117.169.15.124,172.16.1.15,1568,1590028019.997340
117.169.15.124,172.16.1.15,620,1590028019.997520
172.16.1.15,117.169.15.124,96,1590028019.997680
172.16.1.15,203.119.144.29,592,1590028019.105724
203.119.144.29,172.16.1.15,148,1590028019.105759
172.16.1.15,203.119.144.29,2016,1590028019.105771
203.119.144.29,172.16.1.15,148,1590028019.105819
203.119.144.29,172.16.1.15,148,1590028019.105831
172.16.1.15,112.48.151.253,192,1590028019.105904
112.48.151.253,172.16.1.15,148,1590028019.105926
172.16.1.15,112.48.151.253,224,1590028019.105938
112.48.151.253,172.16.1.15,148,1590028019.148835
112.48.151.253,172.16.1.15,1532,1590028019.149670
172.16.1.15,112.48.151.253,88,1590028019.153550
203.119.144.29,172.16.1.15,1260,1590028019.155902
172.16.1.15,203.119.144.29,88,1590028019.159194
112.48.151.253,172.16.1.15,1172,1590028019.212819
172.16.1.15,112.48.151.253,88,1590028019.219601
112.48.151.253,172.16.1.15,700,1590028019.222912
172.16.1.15,112.48.151.253,88,1590028019.226340
172.16.1.15,112.48.151.253,192,1590028019.233760
112.48.151.253,172.16.1.15,148,1590028019.239322
112.48.151.253,172.16.1.15,1468,1590028019.298713
172.16.1.15,112.48.151.253,192,1590028019.300500
112.48.151.253,172.16.1.15,148,1590028019.306330
172.16.1.15,112.48.151.253,192,1590028019.312716
112.48.151.253,172.16.1.15,148,1590028019.326049
112.48.151.253,172.16.1.15,908,1590028019.329279
112.48.151.253,172.16.1.15,1568,1590028019.347789
172.16.1.15,112.48.151.253,88,1590028019.349532
112.48.151.253,172.16.1.15,288,1590028019.353783
172.16.1.15,112.48.151.253,192,1590028019.357056
112.48.151.253,172.16.1.15,148,1590028019.359575
172.16.1.15,112.48.151.253,192,1590028019.362961
112.48.151.253,172.16.1.15,148,1590028019.365895
112.48.151.253,172.16.1.15,1356,1590028019.397778
112.48.151.253,172.16.1.15,1436,1590028019.402861
172.16.1.15,112.48.151.253,88,1590028019.411520
172.16.1.15,112.48.151.253,192,1590028019.413088
112.48.151.253,172.16.1.15,148,1590028019.416238
112.48.151.253,172.16.1.15,1148,1590028019.468822
172.16.1.15,112.48.151.253,192,1590028019.476626
112.48.151.253,172.16.1.15,148,1590028019.480087
172.16.1.15,112.48.151.253,192,1590028019.485929
112.48.151.253,172.16.1.15,148,1590028019.490022
112.48.151.253,172.16.1.15,1568,1590028019.492818
112.48.151.253,172.16.1.15,904,1590028019.522394
172.16.1.15,112.48.151.253,88,1590028019.529282
172.16.1.15,112.48.151.253,192,1590028019.532607
112.48.151.253,172.16.1.15,148,1590028019.535925
172.16.1.15,112.48.151.253,192,1590028019.543362
112.48.151.253,172.16.1.15,148,1590028019.545972
112.48.151.253,172.16.1.15,1568,1590028019.554276
112.48.151.253,172.16.1.15,168,1590028019.557477
172.16.1.15,112.48.151.253,88,1590028019.559422
112.48.151.253,172.16.1.15,172,1590028019.566072
112.48.151.253,172.16.1.15,1568,1590028019.569735
172.16.1.15,112.48.151.253,88,1590028019.572963
112.48.151.253,172.16.1.15,496,1590028019.575924
172.16.1.15,112.48.151.253,192,1590028019.582910
112.48.151.253,172.16.1.15,148,1590028019.588851
39.156.81.172,172.16.1.15,704,1590028019.589349
172.16.1.15,39.156.81.172,96,1590028019.593246
112.48.151.253,172.16.1.15,940,1590028019.700835
172.16.1.15,112.48.151.253,88,1590028019.702649
172.16.1.15,112.48.151.253,192,1590028019.706004
112.48.151.253,172.16.1.15,148,1590028019.709386
112.48.151.253,172.16.1.15,892,1590028019.713236
172.16.1.15,112.48.151.253,88,1590028019.718050
172.16.1.15,112.48.151.253,192,1590028019.722702
112.48.151.253,172.16.1.15,148,1590028019.729587
172.16.1.15,106.11.93.24,116,1590028019.732552
106.11.93.24,172.16.1.15,152,1590028019.735949
172.16.1.15,106.11.93.24,96,1590028019.743234
172.16.1.15,112.48.151.253,192,1590028019.746111
112.48.151.253,172.16.1.15,148,1590028019.749203
172.16.1.15,106.11.93.24,96,1590028019.752585
106.11.93.24,172.16.1.15,132,1590028019.806858
112.48.151.253,172.16.1.15,1532,1590028019.843795
106.11.93.24,172.16.1.15,132,1590028019.845994
172.16.1.15,106.11.93.24,72,1590028019.852670
112.48.151.253,172.16.1.15,1476,1590028019.855994
172.16.1.15,112.48.151.253,88,1590028019.862809
112.48.151.253,172.16.1.15,172,1590028019.866250
172.16.1.15,112.48.151.253,88,1590028019.869234
172.16.1.15,106.11.93.24,116,1590028019.875441
172.16.1.15,112.48.151.253,192,1590028019.875959
112.48.151.253,172.16.1.15,148,1590028019.879250
172.16.1.15,112.48.151.253,192,1590028019.884403
112.48.151.253,172.16.1.15,148,1590028019.886062
106.11.93.24,172.16.1.15,152,1590028019.889237
172.16.1.15,106.11.93.24,96,1590028019.892570
112.48.151.253,172.16.1.15,1568,1590028019.895940
112.48.151.253,172.16.1.15,1568,1590028019.903204
172.16.1.15,112.48.151.253,88,1590028019.912631
112.48.151.253,172.16.1.15,1568,1590028019.919237
112.48.151.253,172.16.1.15,1300,1590028019.922608
172.16.1.15,112.48.151.253,88,1590028019.926049
112.48.151.253,172.16.1.15,1568,1590028019.935942
112.48.151.253,172.16.1.15,1568,1590028019.946118
172.16.1.15,112.48.151.253,88,1590028019.949451
112.48.151.253,172.16.1.15,1568,1590028019.953130
112.48.151.253,172.16.1.15,1568,1590028019.959467
172.16.1.15,112.48.151.253,88,1590028019.962648
112.48.151.253,172.16.1.15,616,1590028019.970842
112.48.151.253,172.16.1.15,1568,1590028020.126900
112.48.151.253,172.16.1.15,768,1590028020.791700
172.16.1.15,112.48.151.253,88,1590028020.127410
172.16.1.15,112.48.151.253,88,1590028020.160840
172.16.1.15,106.11.93.24,268,1590028020.229020
106.11.93.24,172.16.1.15,148,1590028020.327820
172.16.1.15,112.48.151.253,192,1590028020.377630
112.48.151.253,172.16.1.15,148,1590028020.393170
106.11.93.24,172.16.1.15,1568,1590028020.428870
172.16.1.15,106.11.93.24,96,1590028020.459780
106.11.93.24,172.16.1.15,1568,1590028020.561440
172.16.1.15,106.11.93.24,96,1590028020.593320
106.11.93.24,172.16.1.15,536,1590028020.129843
172.16.1.15,106.11.93.24,96,1590028020.132720
112.48.151.253,172.16.1.15,876,1590028020.135887
172.16.1.15,112.48.151.253,88,1590028020.136451
172.16.1.15,112.48.151.253,192,1590028020.139281
112.48.151.253,172.16.1.15,148,1590028020.139405
172.16.1.15,112.48.151.253,192,1590028020.139785
112.48.151.253,172.16.1.15,148,1590028020.139827
112.48.151.253,172.16.1.15,876,1590028020.139909
112.48.151.253,172.16.1.15,1568,1590028020.144758
172.16.1.15,112.48.151.253,88,1590028020.144788
112.48.151.253,172.16.1.15,1568,1590028020.144801
112.48.151.253,172.16.1.15,220,1590028020.144822
172.16.1.15,112.48.151.253,88,1590028020.144837
112.48.151.253,172.16.1.15,172,1590028020.144849
172.16.1.15,112.48.151.253,192,1590028020.318310
112.48.151.253,172.16.1.15,148,1590028020.318389
112.48.151.253,172.16.1.15,1148,1590028020.318405
172.16.1.15,112.48.151.253,192,1590028020.318423
112.48.151.253,172.16.1.15,148,1590028020.318436
112.48.151.253,172.16.1.15,908,1590028020.318449
172.16.1.15,112.48.151.253,192,1590028020.318510
112.48.151.253,172.16.1.15,148,1590028020.318597
172.16.1.15,112.48.151.253,192,1590028020.318883
112.48.151.253,172.16.1.15,148,1590028020.318918
112.48.151.253,172.16.1.15,1060,1590028020.402832
112.48.151.253,172.16.1.15,172,1590028020.402866
172.16.1.15,112.48.151.253,88,1590028020.402883
112.48.151.253,172.16.1.15,1028,1590028020.402896
112.48.151.253,172.16.1.15,172,1590028020.402910
172.16.1.15,112.48.151.253,88,1590028020.402924
172.16.1.15,112.48.151.253,192,1590028020.402937
112.48.151.253,172.16.1.15,148,1590028020.402984
172.16.1.15,203.119.211.219,116,1590028020.402998
112.48.151.253,172.16.1.15,1052,1590028020.458520
172.16.1.15,112.48.151.253,192,1590028020.458777
112.48.151.253,172.16.1.15,148,1590028020.458790
203.119.211.219,172.16.1.15,152,1590028020.458802
172.16.1.15,203.119.211.219,96,1590028020.460679
172.16.1.15,203.119.211.219,720,1590028020.460695
203.119.211.219,172.16.1.15,148,1590028020.460708
112.48.151.253,172.16.1.15,1484,1590028020.506099
172.16.1.15,112.48.151.253,192,1590028020.506157
112.48.151.253,172.16.1.15,148,1590028020.506173
112.48.151.253,172.16.1.15,1244,1590028020.506187
203.119.211.219,172.16.1.15,1568,1590028020.558326
172.16.1.15,203.119.211.219,96,1590028020.558361
203.119.211.219,172.16.1.15,168,1590028020.558375
172.16.1.15,203.119.211.219,96,1590028020.558390
203.119.211.219,172.16.1.15,248,1590028020.558402
172.16.1.15,203.119.211.219,96,1590028020.558415
203.119.211.219,172.16.1.15,148,1590028020.558426
172.16.1.15,203.119.211.219,96,1590028020.558438
203.119.211.219,172.16.1.15,132,1590028020.558450
172.16.1.15,112.48.151.253,192,1590028020.558463
112.48.151.253,172.16.1.15,148,1590028020.558475
112.48.151.253,172.16.1.15,1568,1590028020.592482
112.48.151.253,172.16.1.15,1440,1590028020.592567
172.16.1.15,112.48.151.253,88,1590028020.592584
172.16.1.15,106.11.93.24,224,1590028020.592597
106.11.93.24,172.16.1.15,148,1590028020.592609
172.16.1.15,112.48.151.253,192,1590028020.592622
112.48.151.253,172.16.1.15,148,1590028020.676007
106.11.93.24,172.16.1.15,200,1590028020.676116
172.16.1.15,106.11.93.24,96,1590028020.676144
112.48.151.253,172.16.1.15,1484,1590028020.676158
172.16.1.15,106.11.93.24,456,1590028020.676173
172.16.1.15,106.11.93.24,2960,1590028020.676189
172.16.1.15,106.11.93.24,2960,1590028020.676800
172.16.1.15,106.11.93.24,1528,1590028020.683743
172.16.1.15,112.48.151.253,88,1590028020.683797
106.11.93.24,172.16.1.15,148,1590028020.684017
106.11.93.24,172.16.1.15,148,1590028020.684036
106.11.93.24,172.16.1.15,148,1590028020.684053
106.11.93.24,172.16.1.15,148,1590028020.684069
106.11.93.24,172.16.1.15,148,1590028020.684085
172.16.1.15,106.11.93.24,1160,1590028020.684105
172.16.1.15,106.11.93.24,2960,1590028020.684138
172.16.1.15,106.11.93.24,2960,1590028020.684178
172.16.1.15,106.11.93.24,1528,1590028020.684202
172.16.1.15,106.11.93.24,2960,1590028020.684230
172.16.1.15,106.11.93.24,2960,1590028020.684264
106.11.93.24,172.16.1.15,148,1590028020.684297
106.11.93.24,172.16.1.15,148,1590028020.684310
172.16.1.15,106.11.93.24,148,1590028020.684322
106.11.93.24,172.16.1.15,148,1590028020.684345
106.11.93.24,172.16.1.15,148,1590028020.684357
106.11.93.24,172.16.1.15,148,1590028020.812707
106.11.93.24,172.16.1.15,148,1590028020.812807
106.11.93.24,172.16.1.15,148,1590028020.812827
106.11.93.24,172.16.1.15,148,1590028020.812854
106.11.93.24,172.16.1.15,148,1590028020.812867
106.11.93.24,172.16.1.15,148,1590028020.812880
106.11.93.24,172.16.1.15,148,1590028020.812893
106.11.93.24,172.16.1.15,148,1590028020.812906
172.16.1.15,112.48.151.253,192,1590028020.812919
112.48.151.253,172.16.1.15,148,1590028020.812932
106.11.93.24,172.16.1.15,312,1590028020.812945
172.16.1.15,106.11.93.24,96,1590028020.812958
112.48.151.253,172.16.1.15,1084,1590028020.812971
172.16.1.15,112.48.151.253,88,1590028020.812999
172.16.1.15,112.48.151.253,192,1590028020.813012
112.48.151.253,172.16.1.15,148,1590028020.813025
112.48.151.253,172.16.1.15,1228,1590028020.949516
172.16.1.15,112.48.151.253,88,1590028020.949595
172.16.1.15,112.48.151.253,192,1590028020.949611
112.48.151.253,172.16.1.15,148,1590028020.949625
112.48.151.253,172.16.1.15,1132,1590028020.949638
172.16.1.15,112.48.151.253,88,1590028020.949653
172.16.1.15,112.48.151.253,192,1590028020.949667
112.48.151.253,172.16.1.15,148,1590028020.949694
172.16.1.15,112.48.151.253,192,1590028020.949746
112.48.151.253,172.16.1.15,148,1590028020.949759
112.48.151.253,172.16.1.15,1568,1590028021.303377
112.48.151.253,172.16.1.15,384,1590028021.303410
172.16.1.15,112.48.151.253,88,1590028021.303423
112.48.151.253,172.16.1.15,700,1590028021.303449
172.16.1.15,112.48.151.253,88,1590028021.303488
172.16.1.15,112.48.151.253,192,1590028021.303500
112.48.151.253,172.16.1.15,148,1590028021.303512
112.48.151.253,172.16.1.15,988,1590028021.359014
172.16.1.15,112.48.151.253,88,1590028021.362581
172.16.1.15,112.48.151.253,192,1590028021.369227
112.48.151.253,172.16.1.15,148,1590028021.375973
112.48.151.253,172.16.1.15,1568,1590028021.382573
112.48.151.253,172.16.1.15,1568,1590028021.385907
172.16.1.15,112.48.151.253,88,1590028021.400627
112.48.151.253,172.16.1.15,1568,1590028021.405877
112.48.151.253,172.16.1.15,1568,1590028021.412891
172.16.1.15,112.48.151.253,88,1590028021.419224
112.48.151.253,172.16.1.15,1316,1590028021.425885
112.48.151.253,172.16.1.15,1176,1590028021.948544
172.16.1.15,112.48.151.253,88,1590028021.949259
172.16.1.15,112.48.151.253,192,1590028021.952568
112.48.151.253,172.16.1.15,148,1590028021.955900
112.48.151.253,172.16.1.15,972,1590028021.959229
172.16.1.15,112.48.151.253,88,1590028021.962544
172.16.1.15,112.48.151.253,192,1590028021.965885
112.48.151.253,172.16.1.15,148,1590028021.969264
112.48.151.253,172.16.1.15,892,1590028022.543413
172.16.1.15,112.48.151.253,88,1590028022.545931
172.16.1.15,112.48.151.253,192,1590028022.549204
112.48.151.253,172.16.1.15,148,1590028022.552613
112.48.151.253,172.16.1.15,892,1590028022.556005
172.16.1.15,112.48.151.253,88,1590028022.559231
172.16.1.15,120.206.177.252,208,1590028022.562558
172.16.1.15,112.48.151.253,192,1590028022.565966
120.206.177.252,172.16.1.15,148,1590028022.569548
112.48.151.253,172.16.1.15,148,1590028022.573781
120.206.177.252,172.16.1.15,1568,1590028022.575972
172.16.1.15,120.206.177.252,88,1590028022.582826
120.206.177.252,172.16.1.15,720,1590028022.582882
172.16.1.15,120.206.177.252,88,1590028022.582898
112.48.151.253,172.16.1.15,1568,1590028022.582914
172.16.1.15,112.48.151.253,88,1590028022.582927
112.48.151.253,172.16.1.15,1568,1590028022.582940
172.16.1.15,112.48.151.253,88,1590028022.582975
112.48.151.253,172.16.1.15,1568,1590028022.583047
172.16.1.15,112.48.151.253,88,1590028022.583076
112.48.151.253,172.16.1.15,1364,1590028022.583349
172.16.1.15,112.48.151.253,88,1590028022.583362
112.48.151.253,172.16.1.15,1568,1590028022.583392
172.16.1.15,112.48.151.253,88,1590028022.583413
112.48.151.253,172.16.1.15,1568,1590028022.583425
172.16.1.15,112.48.151.253,88,1590028022.583440
112.48.151.253,172.16.1.15,1568,1590028022.583453
172.16.1.15,112.48.151.253,88,1590028022.583472
112.48.151.253,172.16.1.15,1568,1590028022.583484
172.16.1.15,112.48.151.253,88,1590028022.583513
112.48.151.253,172.16.1.15,1568,1590028022.583529
172.16.1.15,112.48.151.253,88,1590028022.583622
112.48.151.253,172.16.1.15,1568,1590028022.583678
172.16.1.15,112.48.151.253,88,1590028022.583707
112.48.151.253,172.16.1.15,1568,1590028022.583751
172.16.1.15,112.48.151.253,88,1590028022.583764
112.48.151.253,172.16.1.15,1568,1590028022.583776
172.16.1.15,112.48.151.253,88,1590028022.583841
112.48.151.253,172.16.1.15,388,1590028022.583942
172.16.1.15,112.48.151.253,88,1590028022.583973
112.48.151.253,172.16.1.15,1568,1590028022.583989
172.16.1.15,112.48.151.253,88,1590028022.584068
112.48.151.253,172.16.1.15,1568,1590028022.584081
112.48.151.253,172.16.1.15,1568,1590028022.584143
172.16.1.15,112.48.151.253,88,1590028022.584156
112.48.151.253,172.16.1.15,1568,1590028022.584216
112.48.151.253,172.16.1.15,1568,1590028022.584386
172.16.1.15,112.48.151.253,88,1590028022.584401
112.48.151.253,172.16.1.15,300,1590028022.584446
112.48.151.253,172.16.1.15,1568,1590028022.584479
172.16.1.15,112.48.151.253,88,1590028022.584509
112.48.151.253,172.16.1.15,1568,1590028022.584526
112.48.151.253,172.16.1.15,1568,1590028022.585267
172.16.1.15,112.48.151.253,88,1590028022.585451
112.48.151.253,172.16.1.15,1568,1590028022.585484
112.48.151.253,172.16.1.15,1568,1590028022.585520
172.16.1.15,112.48.151.253,88,1590028022.585624
112.48.151.253,172.16.1.15,1568,1590028022.585638
112.48.151.253,172.16.1.15,1568,1590028022.585676
172.16.1.15,112.48.151.253,88,1590028022.585711
112.48.151.253,172.16.1.15,1568,1590028022.585728
112.48.151.253,172.16.1.15,1568,1590028022.585759
172.16.1.15,112.48.151.253,88,1590028022.585920
112.48.151.253,172.16.1.15,1568,1590028022.585935
112.48.151.253,172.16.1.15,1568,1590028022.585948
172.16.1.15,112.48.151.253,88,1590028022.585977
112.48.151.253,172.16.1.15,480,1590028022.586003
112.48.151.253,172.16.1.15,1568,1590028022.586041
172.16.1.15,112.48.151.253,88,1590028022.586245
112.48.151.253,172.16.1.15,1568,1590028022.586259
112.48.151.253,172.16.1.15,208,1590028022.586371
172.16.1.15,112.48.151.253,88,1590028022.586387
112.48.151.253,172.16.1.15,1568,1590028022.586417
112.48.151.253,172.16.1.15,1568,1590028022.586455
172.16.1.15,112.48.151.253,88,1590028022.586472
112.48.151.253,172.16.1.15,1568,1590028022.586503
112.48.151.253,172.16.1.15,1568,1590028022.586594
172.16.1.15,112.48.151.253,88,1590028022.586623
112.48.151.253,172.16.1.15,1568,1590028022.586642
112.48.151.253,172.16.1.15,1568,1590028022.586671
172.16.1.15,112.48.151.253,88,1590028022.586768
112.48.151.253,172.16.1.15,1568,1590028022.586798
112.48.151.253,172.16.1.15,1568,1590028022.587020
172.16.1.15,112.48.151.253,88,1590028022.587136
112.48.151.253,172.16.1.15,1568,1590028022.587151
112.48.151.253,172.16.1.15,1568,1590028022.587227
172.16.1.15,112.48.151.253,88,1590028022.587260
112.48.151.253,172.16.1.15,1568,1590028022.587325
112.48.151.253,172.16.1.15,1568,1590028022.587364
172.16.1.15,112.48.151.253,88,1590028022.587394
112.48.151.253,172.16.1.15,996,1590028022.852785
172.16.1.15,112.48.151.253,88,1590028022.855998
172.16.1.15,39.156.81.172,428,1590028022.859250
39.156.81.172,172.16.1.15,148,1590028022.867298
172.16.1.15,39.156.81.172,396,1590028022.869260
39.156.81.172,172.16.1.15,148,1590028022.876652
39.156.81.172,172.16.1.15,1568,1590028022.880930
39.156.81.172,172.16.1.15,1448,1590028022.884857
172.16.1.15,39.156.81.172,96,1590028022.899245
172.16.1.15,39.156.81.172,96,1590028022.902601
39.156.81.172,172.16.1.15,1568,1590028022.906039
39.156.81.172,172.16.1.15,1568,1590028022.909358
39.156.81.172,172.16.1.15,1568,1590028023.548150
39.156.81.172,172.16.1.15,188,1590028023.548620
172.16.1.15,39.156.81.172,96,1590028023.548770
172.16.1.15,39.156.81.172,96,1590028023.548900
172.16.1.15,39.156.81.172,96,1590028023.549020
172.16.1.15,39.156.81.172,96,1590028023.549140
172.16.1.15,112.48.151.253,192,1590028023.549260
112.48.151.253,172.16.1.15,148,1590028023.549380
112.48.151.253,172.16.1.15,1196,1590028023.549510
172.16.1.15,112.48.151.253,88,1590028023.967562
172.16.1.15,112.48.151.253,192,1590028023.967598
112.48.151.253,172.16.1.15,148,1590028023.967613
112.48.151.253,172.16.1.15,892,1590028023.967627
172.16.1.15,112.48.151.253,88,1590028023.967655
172.16.1.15,112.48.151.253,192,1590028023.967669
112.48.151.253,172.16.1.15,148,1590028023.967692
172.16.1.15,112.48.151.253,192,1590028023.967716
112.48.151.253,172.16.1.15,148,1590028023.967731
112.48.151.253,172.16.1.15,1568,1590028023.967744
172.16.1.15,112.48.151.253,88,1590028024.140499
112.48.151.253,172.16.1.15,548,1590028024.140547
172.16.1.15,112.48.151.253,88,1590028024.140561
112.48.151.253,172.16.1.15,756,1590028024.140573
172.16.1.15,112.48.151.253,88,1590028024.140594
112.48.151.253,172.16.1.15,924,1590028024.140608
172.16.1.15,112.48.151.253,88,1590028024.140641
172.16.1.15,47.102.83.88,528,1590028024.140669
47.102.83.88,172.16.1.15,148,1590028024.140681
47.102.83.88,172.16.1.15,1372,1590028024.736874
172.16.1.15,47.102.83.88,88,1590028024.752668
172.16.1.15,112.48.151.253,192,1590028024.755990
112.48.151.253,172.16.1.15,148,1590028024.761669
112.48.151.253,172.16.1.15,1532,1590028024.766234
172.16.1.15,112.48.151.253,88,1590028024.806033
172.16.1.15,112.48.151.253,224,1590028024.819211
112.48.151.253,172.16.1.15,148,1590028024.892765
112.48.151.253,172.16.1.15,1188,1590028024.899311
172.16.1.15,112.48.151.253,88,1590028024.902653
112.48.151.253,172.16.1.15,460,1590028024.921826
172.16.1.15,112.48.151.253,88,1590028024.922200
172.16.1.15,112.48.151.253,192,1590028024.922218
112.48.151.253,172.16.1.15,148,1590028024.922251
112.48.151.253,172.16.1.15,1468,1590028025.367680
172.16.1.15,112.48.151.253,88,1590028025.369602
172.16.1.15,112.48.151.253,192,1590028025.372586
112.48.151.253,172.16.1.15,148,1590028025.380193
172.16.1.15,112.48.151.253,192,1590028025.382730
112.48.151.253,172.16.1.15,148,1590028025.386111
112.48.151.253,172.16.1.15,924,1590028025.389219
172.16.1.15,112.48.151.253,88,1590028025.394912
112.48.151.253,172.16.1.15,1244,1590028025.650389
172.16.1.15,112.48.151.253,88,1590028025.662749
172.16.1.15,203.119.144.29,2848,1590028025.708205
203.119.144.29,172.16.1.15,148,1590028025.714506
203.119.144.29,172.16.1.15,148,1590028025.722522
172.16.1.15,112.48.151.253,192,1590028025.729349
112.48.151.253,172.16.1.15,148,1590028025.746215
203.119.144.29,172.16.1.15,356,1590028025.756007
172.16.1.15,203.119.144.29,88,1590028025.762560
203.119.144.29,172.16.1.15,1568,1590028025.769503
172.16.1.15,203.119.144.29,88,1590028025.775937
203.119.144.29,172.16.1.15,1104,1590028025.785875
172.16.1.15,203.119.144.29,88,1590028025.792674
